{
  "type": "PostgreSQL",
  "managed": true,
  "checklists": {
    "checklists": []
  },
  "checks": [],
  "customMeta": {
    "kv": {}
  },
  "flowOptions": {
    "virtualizable": false,
    "rebuildBehavior": "NORMAL",
    "crossProjectBuildBehavior": "DEFAULT"
  },
  "readWriteOptions": {
    "preserveOrder": false,
    "writeBuckets": 1,
    "forceSingleOutputFile": false,
    "defaultReadOrdering": {
      "enabled": false,
      "rules": []
    }
  },
  "partitioning": {
    "ignoreNonMatchingFile": false,
    "considerMissingRequestedPartitionsAsEmpty": false,
    "dimensions": []
  },
  "versionTag": {
    "versionNumber": 1,
    "lastModifiedBy": {
      "login": "admin"
    },
    "lastModifiedOn": 1656187359340
  },
  "creationTag": {
    "versionNumber": 0,
    "lastModifiedBy": {
      "login": "admin"
    },
    "lastModifiedOn": 1656102797378
  },
  "tags": [],
  "params": {
    "writeWithCopyBadDataBehavior": "NOVERIFY_ERROR",
    "connection": "PSQL_Finance",
    "notReadyIfEmpty": false,
    "mode": "table",
    "partitioningType": "custom",
    "normalizeDoubles": true,
    "table": "${projectKey}_y1985_at",
    "tableCreationMode": "auto",
    "writeInsertBatchSize": 10000,
    "writeJDBCBadDataBehavior": "DISCARD_ROW",
    "readColsWithUnknownTzAsDates": false,
    "readSQLDateColsAsDSSDates": true
  },
  "schema": {
    "columns": [
      {"name":"Date","type":"date"},
      {"name":"dCk1_MFIp12s54_ATR14_m1","type":"double"},
      {"name":"trend_MFIp12s54_ATR14_m1","type":"double"},
      {"name":"signal_MFIp12s54_ATR14_m1","type":"double"},
      {"name":"dCk1_MFIp14s50_ATR14_m1","type":"double"},
      {"name":"trend_MFIp14s50_ATR14_m1","type":"double"},
      {"name":"signal_MFIp14s50_ATR14_m1","type":"double"},
      {"name":"dCk1_MFIp14s50_ATR14_m0.75","type":"double"},
      {"name":"trend_MFIp14s50_ATR14_m0.75","type":"double"},
      {"name":"signal_MFIp14s50_ATR14_m0.75","type":"double"},
      {"name":"dCk1_MFIp14s50_ATR14_m1.25","type":"double"},
      {"name":"trend_MFIp14s50_ATR14_m1.25","type":"double"},
      {"name":"signal_MFIp14s50_ATR14_m1.25","type":"double"},
      {"name":"dCk1_MFIp17s54_ATR14_m1","type":"double"},
      {"name":"trend_MFIp17s54_ATR14_m1","type":"double"},
      {"name":"signal_MFIp17s54_ATR14_m1","type":"double"},
      {"name":"dCk1_MFIp17s38_ATR14_m1","type":"double"},
      {"name":"trend_MFIp17s38_ATR14_m1","type":"double"},
      {"name":"signal_MFIp17s38_ATR14_m1","type":"double"}
    ],
    "userModified": false
  },
  "dkuProperties": [],
  "metrics": {
    "probes": [
      {
        "type": "basic",
        "enabled": true,
        "computeOnBuildMode": "PARTITION",
        "meta": {
          "name": "Basic data",
          "level": 0
        },
        "configuration": {}
      },
      {
        "type": "records",
        "enabled": true,
        "computeOnBuildMode": "NO",
        "meta": {
          "name": "Record count",
          "level": 0
        },
        "configuration": {}
      }
    ],
    "engineConfig": {
      "padRunsWithMetrics": false,
      "hive": {
        "active": true,
        "extraConf": []
      },
      "basic": {},
      "dss": {
        "active": true,
        "selection": {
          "useMemTable": false,
          "filter": {
            "distinct": false,
            "enabled": false
          },
          "partitionSelectionMethod": "ALL",
          "latestPartitionsN": 1,
          "ordering": {
            "enabled": false,
            "rules": []
          },
          "samplingMethod": "FULL",
          "maxRecords": -1,
          "targetRatio": 0.02,
          "withinFirstN": -1,
          "maxReadUncompressedBytes": -1
        }
      },
      "sql": {
        "active": true
      },
      "impala": {
        "active": true
      },
      "spark": {
        "active": true,
        "extraConf": []
      },
      "python": {}
    },
    "displayedState": {
      "columns": [],
      "metrics": [
        "basic:COUNT_COLUMNS",
        "records:COUNT_RECORDS"
      ]
    }
  },
  "metricsChecks": {
    "runOnBuild": false,
    "checks": [],
    "displayedState": {
      "checks": []
    }
  },
  "customFields": {}
}