{
  "type": "PostgreSQL",
  "managed": true,
  "checklists": {
    "checklists": []
  },
  "checks": [],
  "customMeta": {
    "kv": {}
  },
  "flowOptions": {
    "virtualizable": false,
    "rebuildBehavior": "NORMAL",
    "crossProjectBuildBehavior": "DEFAULT"
  },
  "readWriteOptions": {
    "preserveOrder": false,
    "writeBuckets": 1,
    "forceSingleOutputFile": false,
    "defaultReadOrdering": {
      "enabled": false,
      "rules": []
    }
  },
  "partitioning": {
    "ignoreNonMatchingFile": false,
    "considerMissingRequestedPartitionsAsEmpty": false,
    "dimensions": []
  },
  "versionTag": {
    "versionNumber": 3,
    "lastModifiedBy": {
      "login": "admin"
    },
    "lastModifiedOn": 1655581297420
  },
  "creationTag": {
    "versionNumber": 0,
    "lastModifiedBy": {
      "login": "admin"
    },
    "lastModifiedOn": 1655326157702
  },
  "tags": [],
  "params": {
    "writeWithCopyBadDataBehavior": "NOVERIFY_ERROR",
    "connection": "PSQL_Finance",
    "notReadyIfEmpty": false,
    "mode": "table",
    "partitioningType": "custom",
    "normalizeDoubles": true,
    "table": "${projectKey}_yf1985_mfi_enriched",
    "tableCreationMode": "auto",
    "writeInsertBatchSize": 10000,
    "writeJDBCBadDataBehavior": "DISCARD_ROW",
    "readColsWithUnknownTzAsDates": false,
    "readSQLDateColsAsDSSDates": true
  },
  "schema": {
    "columns": [
      {"name":"Date","type":"date"},
      {"name":"Open","type":"double"},
      {"name":"High","type":"double"},
      {"name":"Low","type":"double"},
      {"name":"Close","type":"double"},
      {"name":"Volume","type":"bigint"},
      {"name":"MFI_10","type":"double"},
      {"name":"MFI_14","type":"double"},
      {"name":"MFI_17","type":"double"},
      {"name":"MFI_37","type":"double"},
      {"name":"MFI_10_SMA3","type":"double"},
      {"name":"MFI_10_SMA5","type":"double"},
      {"name":"MFI_14_SMA3","type":"double"},
      {"name":"MFI_14_SMA5","type":"double"},
      {"name":"MFI_17_SMA3","type":"double"},
      {"name":"MFI_17_SMA5","type":"double"},
      {"name":"MFI_37_SMA3","type":"double"},
      {"name":"MFI_37_SMA5","type":"double"},
      {"name":"var_MFI_10_3j","type":"double"},
      {"name":"var_MFI_10_5j","type":"double"},
      {"name":"var_MFI_10_8j","type":"double"},
      {"name":"var_MFI_14_3j","type":"double"},
      {"name":"var_MFI_14_5j","type":"double"},
      {"name":"var_MFI_14_8j","type":"double"},
      {"name":"var_MFI_17_3j","type":"double"},
      {"name":"var_MFI_17_5j","type":"double"},
      {"name":"var_MFI_17_8j","type":"double"},
      {"name":"var_MFI_37_3j","type":"double"},
      {"name":"var_MFI_37_5j","type":"double"},
      {"name":"var_MFI_37_8j","type":"double"},
      {"name":"var_MFI_10_SMA3_3j","type":"double"},
      {"name":"var_MFI_10_SMA3_5j","type":"double"},
      {"name":"var_MFI_10_SMA3_8j","type":"double"},
      {"name":"var_MFI_10_SMA5_3j","type":"double"},
      {"name":"var_MFI_10_SMA5_5j","type":"double"},
      {"name":"var_MFI_10_SMA5_8j","type":"double"},
      {"name":"var_MFI_14_SMA3_3j","type":"double"},
      {"name":"var_MFI_14_SMA3_5j","type":"double"},
      {"name":"var_MFI_14_SMA3_8j","type":"double"},
      {"name":"var_MFI_14_SMA5_3j","type":"double"},
      {"name":"var_MFI_14_SMA5_5j","type":"double"},
      {"name":"var_MFI_14_SMA5_8j","type":"double"},
      {"name":"var_MFI_17_SMA3_3j","type":"double"},
      {"name":"var_MFI_17_SMA3_5j","type":"double"},
      {"name":"var_MFI_17_SMA3_8j","type":"double"},
      {"name":"var_MFI_17_SMA5_3j","type":"double"},
      {"name":"var_MFI_17_SMA5_5j","type":"double"},
      {"name":"var_MFI_17_SMA5_8j","type":"double"},
      {"name":"var_MFI_37_SMA3_3j","type":"double"},
      {"name":"var_MFI_37_SMA3_5j","type":"double"},
      {"name":"var_MFI_37_SMA3_8j","type":"double"},
      {"name":"var_MFI_37_SMA5_3j","type":"double"},
      {"name":"var_MFI_37_SMA5_5j","type":"double"},
      {"name":"var_MFI_37_SMA5_8j","type":"double"}
    ],
    "userModified": false
  },
  "dkuProperties": [],
  "metrics": {
    "probes": [
      {
        "type": "basic",
        "enabled": false,
        "computeOnBuildMode": "PARTITION",
        "meta": {
          "name": "Basic data",
          "level": 0
        },
        "configuration": {}
      },
      {
        "type": "records",
        "enabled": true,
        "computeOnBuildMode": "PARTITION",
        "meta": {
          "name": "Record count",
          "level": 0
        },
        "configuration": {}
      },
      {
        "type": "col_stats",
        "enabled": false,
        "computeOnBuildMode": "NO",
        "meta": {
          "name": "Columns statistics",
          "level": 2
        },
        "configuration": {
          "aggregates": []
        }
      },
      {
        "type": "adv_col_stats",
        "enabled": false,
        "computeOnBuildMode": "NO",
        "meta": {
          "name": "Most frequent values",
          "level": 3
        },
        "configuration": {
          "aggregates": [],
          "numberTopValues": 10
        }
      },
      {
        "type": "percentile_stats",
        "enabled": false,
        "computeOnBuildMode": "NO",
        "meta": {
          "name": "Columns percentiles",
          "level": 4
        },
        "configuration": {
          "aggregates": []
        }
      },
      {
        "type": "verify_col",
        "enabled": false,
        "computeOnBuildMode": "NO",
        "meta": {
          "name": "Data validity",
          "level": 4
        },
        "configuration": {
          "aggregates": []
        }
      }
    ],
    "engineConfig": {
      "padRunsWithMetrics": false,
      "hive": {
        "active": true,
        "extraConf": []
      },
      "basic": {},
      "dss": {
        "active": true,
        "selection": {
          "useMemTable": false,
          "filter": {
            "distinct": false,
            "enabled": false
          },
          "partitionSelectionMethod": "ALL",
          "latestPartitionsN": 1,
          "ordering": {
            "enabled": false,
            "rules": []
          },
          "samplingMethod": "FULL",
          "maxRecords": -1,
          "targetRatio": 0.02,
          "withinFirstN": -1,
          "maxReadUncompressedBytes": -1
        }
      },
      "sql": {
        "active": true
      },
      "impala": {
        "active": true
      },
      "spark": {
        "active": true,
        "extraConf": []
      },
      "python": {}
    },
    "displayedState": {
      "partition": "NP",
      "columns": [],
      "metrics": [
        "basic:COUNT_COLUMNS",
        "records:COUNT_RECORDS"
      ]
    }
  },
  "metricsChecks": {
    "runOnBuild": false,
    "checks": [],
    "displayedState": {
      "partition": "NP",
      "checks": []
    }
  },
  "customFields": {}
}