{
  "type": "python",
  "neverRecomputeExistingPartitions": false,
  "optionalDependencies": false,
  "params": {
    "envSelection": {
      "envMode": "INHERIT"
    },
    "containerSelection": {
      "containerMode": "INHERIT"
    },
    "skipPrerunValidate": false
  },
  "customMeta": {
    "kv": {}
  },
  "redispatchPartitioning": false,
  "maxRunningActivities": 0,
  "variables": {},
  "dkuProperties": [],
  "inputs": {
    "main": {
      "items": [
        {
          "ref": "yfinance_ndx_hist_1985_daily",
          "deps": []
        }
      ]
    }
  },
  "outputs": {
    "main": {
      "items": [
        {
          "ref": "y1985_AT",
          "appendMode": false
        }
      ]
    }
  },
  "labels": [],
  "versionTag": {
    "versionNumber": 8,
    "lastModifiedBy": {
      "login": "admin"
    },
    "lastModifiedOn": 1656187577915
  },
  "creationTag": {
    "versionNumber": 0,
    "lastModifiedBy": {
      "login": "admin"
    },
    "lastModifiedOn": 1656102806539
  },
  "description": "Les 6 paramètres sont principalement les variations de MFI, seul de passage Up/Down, et multiplicateur. L\u0027ATR n\u0027ayant pas montré de grands changements en analyse graphique.",
  "shortDesc": "Génération de 6 combinaisons d\u0027AlphaTrends. Seuls la distance du prix à k1, ainsi que le signaux et la tendance sont conservés",
  "tags": [],
  "customFields": {},
  "checklists": {
    "checklists": []
  }
}