{
  "type": "python",
  "neverRecomputeExistingPartitions": false,
  "optionalDependencies": false,
  "params": {
    "envSelection": {
      "envMode": "INHERIT"
    },
    "containerSelection": {
      "containerMode": "INHERIT"
    },
    "skipPrerunValidate": false
  },
  "customMeta": {
    "kv": {}
  },
  "redispatchPartitioning": false,
  "maxRunningActivities": 0,
  "variables": {},
  "dkuProperties": [],
  "inputs": {
    "main": {
      "items": [
        {
          "ref": "yf1985_MFI",
          "deps": []
        }
      ]
    }
  },
  "outputs": {
    "main": {
      "items": [
        {
          "ref": "yf1985_MFI_enriched",
          "appendMode": false
        }
      ]
    }
  },
  "labels": [],
  "versionTag": {
    "versionNumber": 4,
    "lastModifiedBy": {
      "login": "admin"
    },
    "lastModifiedOn": 1655327398513
  },
  "creationTag": {
    "versionNumber": 0,
    "lastModifiedBy": {
      "login": "admin"
    },
    "lastModifiedOn": 1655326158657
  },
  "shortDesc": "Calcul des variations en % des valeurs de MFI, ainsi que des SMA on MFI, à 3, 5 et 8 jours en arrière.",
  "tags": [],
  "customFields": {},
  "checklists": {
    "checklists": []
  }
}