{
  "name": "Feature engineering",
  "color": "#0F786B",
  "items": [
    {
      "objectId": "yf1985_MFI_enriched",
      "objectType": "DATASET"
    },
    {
      "objectId": "compute_yf1985_MFI_enriched",
      "objectType": "RECIPE"
    },
    {
      "objectId": "compute_y1985_AT_enriched",
      "objectType": "RECIPE"
    },
    {
      "objectId": "y1985_AT_enriched",
      "objectType": "DATASET"
    },
    {
      "objectId": "compute_y1985_AT_enriched_ordered",
      "objectType": "RECIPE"
    },
    {
      "objectId": "y1985_AT_enriched_ordered",
      "objectType": "DATASET"
    }
  ],
  "shared": [],
  "tags": [],
  "customFields": {},
  "checklists": {
    "checklists": []
  }
}